ID,Progress,Duration (in seconds),RecordedDate,consent,immig_stance,abort_stance,gun_stance,UH_Stance,issue_stance,issue,seeker_FT,avoider_FT,seeker_anger,seeker_disgust,seeker_contempt,seeker_shame,seeker_respect,seeker_pride,avoider_anger,avoider_disgust,avoider_contempt,avoider_shame,avoider_respect,avoider_pride,seeker_SD1,seeker_SD2,seeker_SD3,seeker_SD4,avoider_SD1,avoider_SD2,avoider_SD3,avoider_SD4,age,gender,gender_3_TEXT,education,atten_check1,ethnicity,ethnicity_6_TEXT,relig_affil,relig_affil_open,religiosity_1,religiosity_2,ideology,atten_check,atten_check_open,perc_illegitimacy1,perc_illegitimacy2,quality_check,comments,stance_type
5281,100,160,9/23/19 8:00,1,2,2,2,2,2,immigration,69,93,2,1,1,1,5,5,1,1,1,1,6,6,4,3,3,3,6,6,6,6,38,2,,5,Nate,2,,1,,1,1,1,3,social cognition,6,6,1,,extreme
5282,100,151,9/23/19 8:00,1,1,1,1,2,2,healthcare,60,40,2,2,2,2,5,5,2,2,4,4,3,3,4,5,4,3,2,2,1,2,19,2,,3,Nate,4,,1,,2,2,3,3,Social Cognition,2,2,1,,standard
5283,100,165,9/23/19 8:00,1,2,1,1,2,1,abortion,18,56,2,2,2,2,2,2,2,2,2,2,2,2,4,4,4,4,4,4,4,4,25,2,,3,Nate,4,,8,,1,1,2,3,Social Cognition,1,1,1,,extreme
5284,100,154,9/23/19 8:01,1,1,1,2,2,1,immigration,60,55,1,1,1,1,4,4,1,1,1,1,4,4,4,5,5,4,4,5,5,4,39,2,,4,Nate,4,,1,,5,4,5,3,Social Cognition,2,2,1,,standard
5285,100,183,9/23/19 8:01,1,2,2,2,2,2,healthcare,80,70,1,1,1,1,6,6,1,1,1,1,5,3,7,7,7,7,1,6,5,3,27,1,,4,Nate,4,,8,,1,1,1,3,Social Cognition,7,7,1,,standard
5286,100,139,9/23/19 8:01,1,1,1,1,1,1,gun regulation,40,60,2,2,2,2,2,2,2,2,2,2,2,2,2,2,2,2,3,3,3,3,35,1,,6,nate,4,,2,,5,5,6,3,Social Cognition,6,5,1,,extreme
5287,100,184,9/23/19 8:01,1,2,2,2,2,2,immigration,76,63,1,1,1,1,6,6,5,3,5,2,2,2,6,5,6,6,3,4,4,3,25,2,,5,Nate,4,,8,,2,1,2,3,Social Cognition,5,5,1,,extreme
5288,100,198,9/23/19 8:01,1,1,2,2,2,1,immigration,81,49,2,1,1,1,6,6,2,2,2,2,3,3,5,6,6,6,4,3,2,2,27,1,,6,Nate,4,,8,,4,2,3,3,Social Cognition,2,5,1,,extreme
5289,100,195,9/23/19 8:02,1,1,2,1,1,2,abortion,42,28,5,4,5,6,5,4,5,4,3,4,5,6,5,4,6,5,6,5,5,4,39,2,,4,i dont like it,4,,1,,5,4,5,3,social cognition.,5,3,1,good,extreme
5290,100,218,9/23/19 8:02,1,1,1,1,1,1,abortion,61,62,2,2,2,2,6,4,1,1,1,1,6,4,4,4,4,4,4,4,4,4,40,2,,3,nate,3,,2,,7,7,6,3,social cognition,7,7,1,,standard
5291,100,214,9/23/19 8:02,1,2,2,1,2,1,gun regulation,100,21,1,1,1,1,7,6,6,6,6,6,2,2,6,6,7,7,1,1,1,1,27,2,,3,Nate,4,,8,,1,1,4,3,Social Cognition,2,4,1,,standard
5292,100,175,9/23/19 8:02,1,2,2,2,2,2,gun regulation,74,50,1,1,1,1,6,5,1,1,1,1,3,3,5,6,6,6,3,2,2,2,25,1,,4,nate,4,,8,,1,1,3,3,social cognition,3,3,1,,standard
5293,100,133,9/23/19 8:02,1,2,1,1,2,1,abortion,67,45,2,3,3,3,3,3,3,3,3,3,5,5,4,5,4,4,4,5,4,4,41,2,,4,Nate,4,,1,,5,3,2,3,Social Cognition,1,1,1,,standard
5294,100,123,9/23/19 8:02,1,2,2,2,2,2,abortion,39,53,5,5,5,5,5,4,5,5,5,5,5,4,3,3,3,3,3,3,3,3,29,2,,6,Nate,4,,8,,3,3,2,3,social cognition,5,5,1,,extreme
5295,100,185,9/23/19 8:02,1,2,2,1,1,1,healthcare,85,48,1,1,1,1,6,6,1,1,1,1,4,4,4,5,5,4,4,4,4,4,29,1,,4,Nate,4,,1,,5,5,4,3,Social Cognition,4,4,1,,extreme
5296,100,164,9/23/19 8:02,1,2,2,2,2,2,abortion,62,94,6,6,5,7,4,3,1,1,1,1,6,4,3,2,1,2,7,7,7,7,24,1,,6,Nate,4,,8,,1,1,1,3,Social Cognition,7,7,1,,extreme
5297,100,204,9/23/19 8:02,1,2,2,2,2,2,immigration,92,23,1,1,1,1,6,7,2,2,2,2,4,3,6,5,6,7,2,3,3,3,29,1,,2,Nate,4,,2,,4,4,4,3,Social Cognition,6,7,1,Great survey! ,standard
5298,100,237,9/23/19 8:02,1,2,2,1,2,1,gun regulation,81,15,2,2,2,3,6,6,4,4,3,3,3,3,4,4,5,5,3,2,2,2,19,2,,3,Nate,4,,2,,6,4,4,3,Social Cognition,5,5,1,,extreme
5299,100,191,9/23/19 8:02,1,1,2,1,1,1,gun regulation,61,51,2,2,1,1,6,6,2,2,1,2,5,4,5,5,5,5,3,4,3,3,33,2,,6,Nate,4,,8,,4,1,5,3,Social Cognition,7,7,1,,extreme
5300,100,241,9/23/19 8:02,1,2,2,2,2,2,gun regulation,75,41,2,2,2,2,6,4,2,2,4,5,3,3,4,4,5,4,2,4,3,2,24,1,,5,Nick,4,,8,,1,1,2,3,social cognition,5,4,1,,standard
5301,100,220,9/23/19 8:02,1,1,2,2,2,2,healthcare,50,50,2,2,2,2,4,4,2,2,2,2,4,4,4,4,4,4,4,4,4,4,32,2,,3,Nate ,4,,8,,1,1,3,3,Social Cognition,4,4,1,,extreme
5302,100,225,9/23/19 8:02,1,2,2,2,2,2,healthcare,85,80,1,1,1,1,5,6,1,1,1,1,6,6,6,6,6,6,5,6,6,6,36,3,non-binary,3,Nate,46,pacific islander,8,,1,1,2,3,Social Cognition,5,4,1,,standard
5303,100,235,9/23/19 8:02,1,2,2,2,2,2,healthcare,79,78,4,3,3,3,5,4,4,3,3,3,5,4,5,5,5,4,4,5,5,4,21,2,,2,Nate,4,,8,,4,4,1,3,Social cognition,6,5,1,,extreme
5304,100,222,9/23/19 8:02,1,2,2,1,2,2,abortion,50,50,1,1,1,1,4,4,1,1,1,1,4,4,4,4,4,4,4,4,4,4,39,2,,4,Nate,4,,8,,1,1,4,3,Social Cognition,4,5,1,,extreme
5305,100,234,9/23/19 8:02,1,1,1,1,2,1,immigration,82,46,1,1,1,1,6,5,3,3,1,4,2,1,6,7,7,7,2,2,4,2,40,1,,4,Nate,4,,2,,7,6,5,3,Social Cognition,2,2,1,,standard
5306,100,141,9/23/19 8:02,1,2,2,2,2,2,gun regulation,92,92,1,1,1,1,6,6,1,1,1,1,6,6,5,5,5,5,5,5,5,5,31,1,,4,Nate,4,,8,,1,1,2,3,Social Cognition,5,5,1,,standard
5307,100,228,9/23/19 8:02,1,2,2,2,2,2,gun regulation,100,95,2,2,2,2,6,6,3,3,3,3,5,5,6,6,6,6,6,6,6,6,38,2,,1,Nate,4,,2,,6,6,2,3,Social Cognition,6,6,1,,extreme
5308,100,142,9/23/19 8:02,1,1,1,1,2,1,gun regulation,79,92,7,4,5,6,7,6,7,5,7,4,7,7,5,7,5,6,7,6,7,6,30,2,,6,Yes,1,,1,,6,7,7,3,Social Cognition,7,6,1,Very good,standard
5309,100,248,9/23/19 8:02,1,1,1,1,1,1,gun regulation,100,50,1,1,1,1,7,7,1,1,1,1,4,4,7,7,7,7,4,4,4,4,28,2,,2,Nate,3,,8,,1,1,5,3,Social Cognition,5,5,1,,standard
5310,100,210,9/23/19 8:02,1,1,2,1,1,2,abortion,80,85,1,1,2,1,6,4,1,1,1,1,7,7,5,5,5,5,7,7,7,7,37,1,,6,Nate,4,,8,,1,1,5,3,Social Cognition,3,2,1,,standard
5311,100,226,9/23/19 8:02,1,1,2,2,2,2,abortion,83,62,2,2,2,2,6,6,2,2,2,5,3,3,5,5,6,6,5,5,4,4,31,1,,4,Nate,4,,8,,1,1,3,3,social cognition,4,5,1,,standard
5312,100,241,9/23/19 8:02,1,2,2,2,2,2,healthcare,90,75,1,1,1,1,7,7,1,1,1,1,6,6,7,7,7,7,6,6,6,6,38,1,,1,Nate,4,,8,,1,1,2,3,Social Cognition,6,6,1,,standard
5313,100,257,9/23/19 8:02,1,2,2,2,2,2,healthcare,60,50,2,2,2,2,5,4,2,2,2,2,5,3,4,5,5,5,3,4,4,4,42,2,,4,Nate,4,,10,spiritual,1,1,3,3,social cognition,6,6,1,,extreme
5314,100,241,9/23/19 8:02,1,1,1,2,1,2,gun regulation,70,45,2,2,2,2,6,6,2,2,2,2,5,4,6,6,6,6,5,5,5,5,37,2,,3,Nick,4,,2,,6,5,5,3,Social Cognition,3,3,1,,extreme
5315,100,126,9/23/19 8:02,1,1,1,1,1,1,immigration,50,50,2,2,2,2,2,2,2,2,2,2,2,2,5,5,5,5,5,5,5,5,33,2,,6,Nate,4,,2,,6,6,4,3,Social Cognition,2,2,1,,extreme
5316,100,230,9/23/19 8:02,1,1,1,1,2,2,healthcare,81,10,2,2,2,2,6,6,2,2,2,2,5,3,5,6,6,5,2,5,5,2,47,1,,4,nate,4,,1,,2,5,5,3,Social Cognition,4,4,1,,standard
5317,100,210,9/23/19 8:02,1,2,2,2,2,2,healthcare,92,66,1,1,1,1,7,7,3,4,5,5,2,2,6,7,7,7,1,1,1,1,26,2,,4,Nate,4,,8,,1,1,4,3,Social Cognition,2,2,1,,standard
5318,100,260,9/23/19 8:02,1,2,2,2,2,2,immigration,1,26,6,7,6,7,3,1,6,7,6,7,1,1,1,1,1,1,1,1,1,1,31,2,,4,Nate,4,,8,,7,1,1,3,Social Cognition,7,7,1,,extreme
5319,100,196,9/23/19 8:02,1,1,1,1,1,1,healthcare,80,75,2,2,2,2,6,5,2,2,2,2,6,5,5,4,5,4,5,4,5,4,39,1,,4,Nate,4,,2,,5,2,6,3,social cognition,4,6,1,,extreme
5320,100,217,9/23/19 8:02,1,2,2,2,2,2,gun regulation,94,80,2,2,2,2,6,7,2,2,2,2,7,4,5,6,7,5,1,3,3,2,57,1,,6,Nick,4,,5,,5,5,1,3,Social Cognition,6,6,1,,standard
5321,100,267,9/23/19 8:02,1,1,1,1,1,1,abortion,100,100,2,2,2,2,5,4,1,1,1,1,6,5,4,5,5,4,4,6,6,4,39,1,,4,Nate,4,,2,,7,7,7,3,Social Cognition,5,5,1,,standard
5322,100,231,9/23/19 8:03,1,2,1,1,2,2,healthcare,50,50,4,4,4,4,4,4,4,4,4,4,4,4,4,4,4,4,4,4,4,4,31,1,,3,Nate,4,,2,,4,4,4,3,Social Cognition,5,5,1,,extreme
5323,100,267,9/23/19 8:03,1,1,1,2,2,1,abortion,80,50,2,2,2,2,2,2,4,4,4,4,4,4,4,4,4,4,3,3,3,3,36,2,,2,Nate,4,,10,spiritual,5,4,4,3,Social Cognition,4,4,1,,standard
5324,100,108,9/23/19 8:03,1,1,1,1,1,1,gun regulation,86,52,4,5,6,5,3,3,3,4,4,3,4,4,4,5,5,3,4,3,5,3,44,,,4,Nate,4,,5,,3,4,4,2,,6,4,1,,extreme
5325,100,247,9/23/19 8:03,1,1,2,1,1,2,abortion,82,82,1,1,1,1,6,4,1,1,1,1,6,4,4,5,5,5,4,5,5,5,42,1,,3,Nate,4,,1,,2,2,6,3,Social Cognition,3,3,1,,standard
5326,100,149,9/23/19 8:03,1,1,1,1,1,1,gun regulation,77,88,6,7,6,7,6,7,6,7,6,7,6,7,6,7,6,7,6,7,6,7,30,2,,4,game over,1,,1,,5,6,6,2,,5,6,1,good survey,standard
5327,100,256,9/23/19 8:03,1,2,2,2,2,2,gun regulation,70,30,2,2,2,2,6,6,6,6,6,6,2,2,4,5,5,5,3,2,2,2,25,2,,4,Nate,2,,2,,2,2,4,3,Social Cognition,2,5,1,,standard
5328,100,260,9/23/19 8:03,1,2,2,2,2,2,abortion,100,47,1,1,1,1,7,7,1,1,1,1,4,3,7,7,7,7,1,1,1,1,41,1,,3,Nick,4,,10,Heathen,7,7,1,3,Social Cognition,4,4,1,,standard
5329,100,195,9/23/19 8:03,1,1,1,1,1,1,gun regulation,60,50,1,1,1,1,6,5,1,1,1,1,7,6,4,5,4,4,4,5,4,4,23,2,,2,Nate,4,,8,,1,1,4,3,Social Cognition,1,1,1,,standard
5330,100,219,9/23/19 8:03,1,2,2,2,2,2,gun regulation,27,80,3,3,3,2,4,4,1,1,1,1,5,5,6,4,4,5,5,6,5,5,24,2,,5,nate,7,,1,,3,3,2,3,social cognition,6,6,1,,extreme
5331,100,234,9/23/19 8:03,1,1,1,1,2,1,gun regulation,82,42,1,1,1,1,6,5,4,4,5,4,2,2,1,1,1,1,1,1,1,1,21,2,,3,Nate,2,,2,,6,6,5,3,Social Cognition,3,3,1,,standard
5332,100,303,9/23/19 8:03,1,1,1,1,2,1,gun regulation,92,61,1,1,1,1,6,6,5,3,5,5,3,3,5,5,6,5,2,4,2,2,47,2,,4,Nate,4,,2,,6,6,5,3,Social Cognition,6,5,1,,extreme
5333,100,291,9/23/19 8:03,1,1,2,2,2,2,healthcare,80,40,1,1,1,1,6,6,5,5,4,4,3,3,6,6,6,6,1,3,2,1,43,2,,4,Nate,3,,1,,3,1,3,3,Social Cognition,4,3,1,,standard
5334,100,298,9/23/19 8:03,1,2,2,2,2,2,abortion,70,92,4,4,5,4,3,2,1,1,2,2,4,4,3,3,2,2,7,5,5,5,41,1,,5,Nate,4,,8,,7,7,1,3,Social Cognition,7,5,1,,extreme
5335,100,307,9/23/19 8:03,1,2,2,2,2,2,immigration,95,80,1,1,1,1,7,7,2,2,2,2,5,5,4,5,5,4,1,2,2,2,43,1,,3,Nate,4,,3,non-denominational ,4,2,1,3,Social Cognition,6,6,1,,standard
5336,100,220,9/23/19 8:03,1,1,1,2,1,1,immigration,85,95,6,5,6,6,7,6,6,5,5,5,5,6,5,6,6,7,6,5,6,6,30,2,,4,game over,1,,1,,6,7,7,3,Social Cognition,7,6,1,good,extreme
5337,100,205,9/23/19 8:03,1,1,2,2,2,1,immigration,70,40,3,3,3,2,6,6,3,3,3,4,4,4,4,4,5,5,2,3,3,3,33,1,,4,Nate,4,,8,,4,2,2,3,Social Cognition,7,7,1,,extreme
5338,100,273,9/23/19 8:03,1,2,2,2,2,2,immigration,85,80,1,1,1,1,7,6,2,1,1,1,5,3,6,7,7,6,2,5,5,3,53,1,,4,Nate,4,,2,,6,5,2,3,Social Cognition,6,5,1,,standard
5339,100,149,9/23/19 8:03,1,1,1,1,1,1,healthcare,82,94,7,6,5,6,7,6,5,6,7,6,5,6,5,6,7,6,7,5,5,6,26,2,,5,finance,3,,1,,5,6,7,3,social congnition,7,6,1,This survey is very interseting. ,standard
5340,100,257,9/23/19 8:03,1,2,2,1,2,2,immigration,92,68,1,1,1,1,6,6,1,1,1,1,5,5,5,6,6,6,4,4,3,4,26,,,3,Nate,4,,9,,4,4,4,3,social cognition,5,4,1,,extreme
5341,100,305,9/23/19 8:03,1,2,2,2,2,2,abortion,88,60,1,1,1,1,6,4,1,1,1,1,7,7,6,6,5,6,7,7,7,7,32,1,,6,Nate and possibly Rick,4,,8,,1,1,2,3,Social Cognition,3,5,1,,extreme
5342,100,301,9/23/19 8:03,1,1,1,1,1,1,immigration,91,39,1,1,1,1,7,7,1,1,1,1,6,4,4,5,7,7,2,3,3,3,42,1,,4,Nate,2,,3,non denominational,5,3,6,3,Social Cognition,7,7,1,,extreme
5343,100,270,9/23/19 8:03,1,2,1,2,1,2,gun regulation,70,45,1,1,1,1,7,7,3,3,3,3,4,4,5,5,5,5,3,3,3,3,19,1,,3,Nate,4,,2,,6,6,5,3,Social Cognition,4,4,1,N/A,standard
5344,100,237,9/23/19 8:03,1,2,2,1,2,1,gun regulation,88,56,2,2,2,2,6,5,1,1,1,1,4,4,5,6,6,5,2,4,4,2,36,1,,3,Nate,4,,8,,4,4,3,3,Social Cognition,3,3,1,,standard
5345,100,326,9/23/19 8:03,1,2,1,2,1,1,abortion,5,2,7,7,6,5,2,1,7,7,6,5,1,1,1,1,1,1,1,1,1,1,50,1,,6,Nate,1,,2,,5,5,3,3,Social Cognition,6,7,1,,extreme
5346,100,303,9/23/19 8:03,1,2,2,2,2,2,gun regulation,76,76,1,1,1,1,6,6,1,1,1,1,5,6,4,6,6,4,4,6,6,4,36,2,,4,Nate,4,,8,,4,1,2,3,Social Cognition ,7,6,1,,extreme
5347,100,229,9/23/19 8:04,1,1,1,1,2,2,healthcare,100,16,1,1,1,1,7,7,6,6,7,5,1,1,5,5,4,4,2,2,2,2,45,1,,3,Nate,4,,2,,5,5,5,3,Social Cognition,6,4,1,,extreme
5348,100,270,9/23/19 8:04,1,2,2,2,2,2,healthcare,85,70,1,1,1,1,7,7,1,1,1,1,5,4,5,5,5,5,4,5,5,4,32,2,,2,Nate,4,,8,,1,1,2,3,Social Cognition,1,4,1,,standard
5349,100,242,9/23/19 8:04,1,2,2,2,2,2,abortion,91,81,2,2,2,2,6,6,3,3,3,3,5,5,6,6,6,6,5,5,5,5,67,2,,6,Nate,4,,8,,1,1,4,3,Social Cognition,1,1,1,,standard
5350,100,274,9/23/19 8:04,1,2,2,2,2,2,immigration,90,90,1,1,1,1,6,6,1,1,1,1,6,6,6,6,6,6,5,6,5,5,35,2,,2,Nate,4,,10,None,1,1,2,3,Social Cognition,5,3,1,,extreme
5351,100,302,9/23/19 8:04,1,1,1,1,1,1,abortion,100,100,1,1,1,1,7,4,1,1,1,1,7,4,4,4,4,4,4,4,4,4,42,1,,3,Nate,4,,2,,6,6,7,3,Social Cognition,7,7,1,,standard
5352,100,276,9/23/19 8:04,1,2,2,2,2,2,gun regulation,86,100,2,2,2,2,5,5,1,1,1,1,6,6,3,4,4,3,6,6,6,6,20,1,,2,Nate,1,,8,,1,1,2,3,Social Cognition,7,6,1,,extreme
5353,100,339,9/23/19 8:04,1,1,2,2,2,1,immigration,100,10,1,1,1,1,6,5,6,6,6,4,3,3,4,5,5,4,1,1,1,1,29,2,,3,Nate ,4,,8,,1,1,4,3,Social Cognition,7,7,1,,extreme
5354,100,327,9/23/19 8:04,1,2,2,2,2,2,abortion,90,70,1,1,1,1,7,6,1,1,2,1,3,1,5,6,6,5,3,5,4,3,60,1,,3,Nate,4,,1,,6,3,3,3,Social Cognition,5,4,1,,standard
5355,100,323,9/23/19 8:04,1,1,2,1,1,1,immigration,91,20,2,2,2,2,6,5,5,5,5,5,2,2,4,5,5,5,2,2,2,2,34,1,,3,Nate,4,,2,,4,2,5,3,Social Cognition,4,4,1,,standard
5356,100,295,9/23/19 8:04,1,1,1,1,1,1,immigration,85,90,1,1,1,1,5,5,1,1,1,1,6,6,6,6,6,6,7,7,7,7,53,1,,3,Nate,4,,2,,6,6,6,3,Social Cognition,3,6,1,,extreme
5357,100,354,9/23/19 8:04,1,2,2,2,2,2,gun regulation,100,100,1,1,1,1,7,7,1,1,1,1,7,7,4,4,4,4,4,4,4,4,37,1,,6,Nate,4,,5,,7,7,4,3,Social Cognition,4,4,1,NA,extreme
5358,100,360,9/23/19 8:04,1,2,2,1,2,2,healthcare,50,50,2,2,2,2,5,4,2,2,2,2,5,4,4,4,4,4,4,4,4,4,49,2,,3,Nate,4,,4,,1,1,4,3,Social Cognition,7,4,1,No comments,extreme
5359,100,337,9/23/19 8:04,1,2,2,2,2,2,immigration,42,98,1,1,1,1,4,4,1,1,1,1,7,7,1,3,1,1,7,7,7,7,28,1,,3,Nate,1,,2,,6,5,2,3,Social cognition ,7,6,1,,standard
5360,100,211,9/23/19 8:04,1,1,1,2,2,2,healthcare,88,95,6,7,6,7,6,7,6,7,6,7,6,7,6,7,6,7,6,7,6,7,35,2,,3,like it,13,,1,,6,6,7,3,Social Cognition,7,6,1,like it,extreme
5361,100,301,9/23/19 8:04,1,2,2,2,2,2,abortion,82,82,2,2,2,2,6,6,2,2,2,2,6,5,6,6,6,6,5,6,6,5,31,1,,2,Nate,4,,2,,6,5,3,3,Social Cognition,2,2,1,,standard
5362,100,362,9/23/19 8:04,1,2,2,2,2,2,abortion,60,80,3,2,3,3,6,5,1,1,1,1,7,7,6,7,5,6,7,6,6,6,28,1,,4,Nate,4,,10,spiritual,3,2,2,3,Social Cognition,5,5,1,"I believe that if you have a strong opinion on one issue, it is so important to understand both sides in order to come to a true opinion. I try and be a lot like individual B when I decide my stance on certain issues. Thank you. ",standard
5363,100,232,9/23/19 8:04,1,2,2,2,2,2,immigration,100,50,1,1,1,1,7,5,5,2,3,1,4,2,4,6,6,4,2,4,2,2,38,3,Transgender Woman,3,Nate,4,,8,,1,1,1,3,Social Cognition,6,6,1,,extreme
5364,100,328,9/23/19 8:04,1,2,2,2,2,2,gun regulation,60,81,1,1,1,1,5,4,1,1,1,1,5,4,1,1,1,1,6,6,6,6,61,1,,4,Nate,4,,10,not religious,1,1,1,3,Social Cognition,7,7,1,N/A,extreme
5365,100,220,9/23/19 8:04,1,1,2,1,1,1,healthcare,50,50,1,1,1,1,5,6,1,1,1,1,4,3,4,5,5,4,4,4,4,4,23,2,,4,Nate,4,,8,,3,3,5,3,social cognition,4,4,1,,standard
5366,100,191,9/23/19 8:04,1,1,1,1,1,1,abortion,51,38,2,2,3,2,4,4,5,4,4,4,3,3,4,4,4,4,3,3,3,3,37,2,,4,Nate,4,,2,,3,3,4,3,Social Cognition,6,5,1,,extreme
5367,100,251,9/23/19 8:04,1,2,2,2,2,2,healthcare,81,58,1,1,1,1,6,6,1,1,1,1,6,6,6,6,7,6,4,4,4,3,31,1,,6,Nate,4,,1,,6,5,2,3,Social Cognition,5,5,1,n/a,standard
5368,100,344,9/23/19 8:04,1,2,2,2,2,2,healthcare,69,70,1,1,1,1,6,4,1,1,1,1,6,4,5,5,6,5,2,3,2,2,28,1,,6,Nate ,1,,2,,5,5,3,3,Social Cognition,5,5,1,,extreme
5369,100,270,9/23/19 8:04,1,1,1,1,2,2,healthcare,82,33,2,2,2,2,6,6,3,2,5,5,3,3,6,6,5,6,2,4,3,3,28,2,,4,Nate,2,,2,,6,6,5,3,Social Cognition,5,3,1,,standard
5370,100,291,9/23/19 8:04,1,2,1,2,2,2,gun regulation,72,72,1,1,1,1,5,5,1,1,1,1,5,5,5,5,5,5,5,5,5,5,58,1,,3,Nate,4,,1,,6,6,2,3,Social Cognition,7,7,1,,standard
5371,100,351,9/23/19 8:04,1,1,2,2,2,2,abortion,90,70,2,2,2,2,6,6,2,2,2,2,6,3,6,7,6,6,3,5,3,3,40,1,,4,Nate,4,,8,,2,1,3,3,Social Cognition,3,2,1,,standard
5372,100,393,9/23/19 8:04,1,2,2,2,2,2,gun regulation,57,50,1,1,1,1,5,4,1,1,1,1,5,4,3,4,4,4,1,4,1,1,22,2,,2,Nate,4,,8,,1,1,3,3,Social Cognition,5,3,1,,standard
5373,100,260,9/23/19 8:04,1,2,2,2,2,2,healthcare,81,50,1,1,1,1,6,6,1,1,1,1,6,4,4,4,4,4,2,3,4,3,42,1,,6,Nate,4,,2,,2,1,2,3,Social Cognition,5,6,1,No further comments. Thank you for the opportunity to participate in your survey.,standard
5374,100,352,9/23/19 8:04,1,2,1,2,2,2,healthcare,80,77,2,2,2,2,6,5,2,2,2,2,2,6,4,4,4,4,4,4,4,4,26,1,,3,Nate,1,,9,,2,2,4,3,Social Cognition,7,7,1,N/A,extreme
5375,100,223,9/23/19 8:05,1,1,1,1,2,1,immigration,91,11,1,2,1,2,6,7,5,5,5,6,2,1,6,6,6,6,1,1,1,1,28,2,,4,Nick,4,,1,,7,7,7,3,Social Cognition,6,1,1,,standard
5376,100,226,9/23/19 8:05,1,1,2,1,2,1,gun regulation,60,70,5,5,5,5,4,3,3,3,3,3,5,5,3,3,3,3,5,5,5,5,35,1,,3,Nate,4,,8,,1,1,5,3,social cognition,7,7,1,,extreme
5377,100,281,9/23/19 8:05,1,1,1,1,1,1,abortion,82,90,1,1,1,1,5,5,1,1,1,1,5,5,5,5,5,5,5,5,5,5,64,2,,6,Nate,4,,3,other,7,7,6,3,Social Cognition,7,7,1,,standard
5378,100,95,9/23/19 8:05,1,1,1,1,2,1,immigration,75,50,3,4,4,5,4,4,4,3,4,4,4,4,4,5,4,4,4,3,4,4,44,2,,4,Nate,4,,7,,4,4,3,3,Social Cognition,5,4,1,,standard
5379,100,390,9/23/19 8:05,1,2,2,2,2,2,immigration,74,15,2,2,2,2,6,4,5,5,5,5,3,3,2,2,2,2,2,2,2,2,33,2,,3,nate,3,,1,,1,1,1,3,Social Cognition,7,7,1,no comment,standard
5380,100,363,9/23/19 8:05,1,2,2,1,2,2,healthcare,94,50,1,1,1,1,7,4,1,1,5,5,3,1,4,4,4,4,4,4,4,4,31,1,,4,Nate,4,,3,vaguely and solitary,6,4,1,3,Social Cognition,4,6,1,,extreme
5381,100,371,9/23/19 8:05,1,1,2,2,2,1,immigration,71,35,2,2,2,2,6,5,5,5,5,5,3,3,4,5,5,5,3,3,3,3,48,1,,3,Nate,4,,3,non practicing,4,3,4,3,social cognition,3,3,1,,standard
5382,100,286,9/23/19 8:05,1,1,1,2,2,1,immigration,85,90,6,7,6,6,6,6,6,7,6,7,6,6,6,7,7,6,7,6,6,6,31,2,,4,sick,1,,4,,6,6,6,3,Social Cognition,6,6,1,good,extreme
5383,100,352,9/23/19 8:05,1,1,2,2,2,2,abortion,50,50,4,4,4,4,4,4,4,4,4,4,4,4,4,4,4,4,4,4,4,4,50,1,,3,nate,1,,9,,4,4,4,3,Social Cognition,4,4,2,Thank you for this experience,extreme
5384,100,291,9/23/19 8:05,1,2,2,2,1,2,gun regulation,72,63,1,1,1,1,6,5,2,2,2,3,4,4,5,5,5,5,4,4,4,4,38,1,,4,Nate,2,,8,,2,1,2,3,Social Cognition,3,2,1,,standard
5385,100,360,9/23/19 8:05,1,1,1,1,1,1,healthcare,50,90,2,2,2,2,6,3,2,2,2,2,6,6,6,6,4,6,2,2,1,2,50,2,,3,Nate,4,,2,,7,7,7,3,Social Cognition,4,4,1,,standard
5386,100,171,9/23/19 8:05,1,1,1,1,1,1,gun regulation,83,90,7,6,5,6,7,5,7,6,5,7,4,5,7,6,5,6,7,6,5,6,30,2,,5,GAME OVER,1,,1,,7,5,7,3,Social Cognition,7,5,1,"In this survey, you will answer demographic questions, read about two individuals, and provide your first impressions of these individuals. Instructions",extreme
5387,100,336,9/23/19 8:05,1,1,1,1,1,1,abortion,86,71,1,1,1,1,6,6,1,1,1,1,6,5,6,6,6,6,6,6,6,6,56,2,,6,Nate,4,,2,,6,6,6,3,Sociall Cognition,3,2,1,,standard
5388,100,164,9/23/19 8:05,1,1,2,2,2,2,abortion,70,50,2,2,2,2,6,6,3,3,3,3,3,3,5,5,5,5,3,3,3,3,26,2,,3,Nate,4,,8,,1,1,2,3,Social Cognition,3,3,1,,standard
5389,100,308,9/23/19 8:05,1,2,1,2,2,2,healthcare,77,74,2,2,1,1,7,4,3,1,2,1,5,4,5,6,6,6,3,4,4,4,33,1,,3,Nate,1,,2,,6,6,3,3,Social Cognition,3,2,1,,standard
5390,100,234,9/23/19 8:05,1,2,2,2,2,2,abortion,100,100,1,1,1,1,7,7,1,1,1,1,7,7,6,6,6,6,6,6,6,6,51,1,,3,Nate,4,,8,,4,4,1,3,Social Cognition,7,7,1,,extreme
5391,100,227,9/23/19 8:05,1,1,1,1,1,1,gun regulation,59,100,1,1,1,1,5,1,1,1,1,1,5,5,1,1,1,1,5,5,5,5,36,1,,6,Nate,4,,2,,7,7,7,3,Social Cognition,7,7,1,,extreme
5392,100,240,9/23/19 8:05,1,2,2,2,2,2,immigration,65,55,1,1,1,1,6,6,1,1,5,2,4,4,5,6,6,6,3,4,3,3,40,2,,3,Nate,4,,8,,6,3,3,3,Social Cognition,5,3,1,,standard
5393,100,373,9/23/19 8:05,1,2,2,2,2,2,healthcare,100,50,1,1,1,1,7,7,5,2,3,5,3,3,7,7,7,7,1,3,3,3,27,1,,2,Nate,4,,8,,2,2,1,3,Social Cognition,6,5,1,,standard
5394,100,385,9/23/19 8:05,1,1,1,1,2,1,immigration,89,81,6,7,7,6,7,6,7,6,7,6,7,7,6,7,6,7,6,7,7,6,32,2,,4,game over,1,,1,,6,7,7,3,social cognition ,7,6,1,,extreme
5395,100,279,9/23/19 8:05,1,1,2,2,2,2,abortion,45,55,3,2,2,2,5,5,3,3,2,2,6,6,3,4,5,5,3,4,6,6,42,2,,4,Nate,4,,1,,5,5,7,3,Social Cognition,2,1,1,,standard
5396,100,364,9/23/19 8:05,1,1,1,1,1,1,immigration,60,75,2,2,2,2,5,4,2,2,2,2,5,4,4,5,4,4,4,5,4,4,46,2,,4,Nate,4,,1,,5,2,7,3,Social Cognition,4,4,1,,extreme
5397,100,390,9/23/19 8:05,1,1,2,2,1,2,gun regulation,100,0,1,1,1,1,7,7,7,7,7,7,1,1,7,7,7,7,1,1,1,1,37,2,,4,Nate,2,,10,,1,1,4,3,Social Cognition,7,5,1,,standard
5398,100,418,9/23/19 8:06,1,2,2,1,2,2,immigration,60,50,2,2,2,2,2,2,2,2,2,2,2,2,4,4,4,4,4,4,4,4,27,1,,3,Nate,4,,8,,4,4,4,3,Social Cognition,5,5,1,,extreme
5399,100,316,9/23/19 8:06,1,2,1,2,2,2,gun regulation,91,78,1,1,1,1,7,7,2,1,1,1,5,5,5,6,6,6,2,5,3,2,30,1,,3,Nate,4,,3,undenominational,7,7,5,3,Social Cognition,2,2,1,No comments,standard
5400,100,449,9/23/19 8:06,1,2,2,2,2,2,immigration,47,91,3,3,6,5,4,4,1,1,1,1,7,6,2,1,1,1,7,6,6,5,28,1,,3,nate,1,,8,,1,1,1,3,Social Cognition,7,7,1,,extreme
5401,100,376,9/23/19 8:06,1,1,1,2,2,2,healthcare,89,96,1,1,1,1,6,6,1,1,1,1,7,7,6,7,5,5,5,6,6,7,30,1,,4,Nate,1,,1,,5,6,6,3,Social Cognition,7,6,1,,extreme
5402,100,330,9/23/19 8:06,1,1,1,1,2,1,gun regulation,58,49,4,5,5,6,6,7,7,6,6,5,5,5,6,5,5,6,4,5,5,6,32,2,,6,rick,4,,1,,7,7,7,3,"""Social Cognition""",7,7,1,,extreme
5403,100,414,9/23/19 8:06,1,1,1,1,1,1,healthcare,90,45,2,1,1,1,6,6,6,7,5,5,2,2,6,7,6,6,1,3,1,2,45,2,,3,Nate,4,,3,Baptist,6,6,6,3,Social Cognition,3,5,1,Thanks interesting survey!,standard
5404,100,377,9/23/19 8:06,1,2,2,2,2,2,immigration,91,82,1,1,1,1,6,6,1,2,1,1,6,5,6,6,6,6,4,6,5,5,30,2,,6,Nate,4,,4,,1,1,2,3,Social Cognition,4,3,1,,extreme
5405,100,297,9/23/19 8:06,1,2,2,2,2,2,abortion,82,87,2,2,2,2,6,6,1,1,1,1,6,6,4,4,4,4,4,4,4,4,40,2,,4,Nate,4,,8,,4,4,3,3,Social Cognition,7,7,1,No thanks.,extreme
5406,100,382,9/23/19 8:06,1,2,2,2,2,2,immigration,85,80,1,1,1,1,7,7,1,1,1,1,6,4,5,6,4,5,2,5,2,2,31,1,,4,Nate,4,,3,non denominational,4,3,4,3,Social Cognition,4,3,1,,extreme
5407,100,445,9/23/19 8:06,1,1,2,1,1,1,immigration,71,14,2,2,2,2,6,4,4,3,6,4,4,2,6,6,6,6,2,2,5,3,53,1,,4,Nate,6,Native American,8,,2,2,6,3,Social Cognition ,5,5,1,,extreme
5408,100,347,9/23/19 8:06,1,2,2,2,2,2,healthcare,39,96,4,4,4,4,3,5,1,1,1,1,7,7,1,3,1,1,7,7,7,7,70,1,,4,nate,4,,10,spiritualist,6,5,1,3,social cognition,7,7,1,great study--important,standard
5409,100,118,9/23/19 8:06,1,1,2,2,2,2,healthcare,80,68,2,2,2,2,6,6,2,2,2,2,5,5,4,6,6,6,4,6,6,6,28,2,,4,Nate,4,,1,,2,2,1,3,Social Cognition,5,5,1,,extreme
5410,100,447,9/23/19 8:06,1,1,2,2,2,2,healthcare,70,50,1,1,1,1,6,4,1,1,1,1,6,4,4,4,4,4,4,4,4,4,29,2,,3,Nate,4,,8,,4,4,4,3,Social Cognition,5,5,1,,extreme
5411,100,394,9/23/19 8:06,1,2,1,2,2,1,abortion,31,100,4,2,3,3,3,2,1,1,1,1,7,7,2,2,2,2,7,7,7,7,61,1,,4,Nate,4,,2,,5,3,4,3,Social Cognition,7,7,1,,extreme
5412,100,469,9/23/19 8:06,1,2,1,1,1,2,immigration,94,10,1,1,1,1,6,6,5,4,5,5,3,3,4,6,6,4,4,4,4,4,35,1,,3,Nate,4,,8,,1,1,5,3,Social Cognition,5,4,1,,extreme
5413,100,151,9/23/19 8:06,1,1,1,2,1,1,abortion,83,96,6,5,6,6,5,7,6,4,5,5,6,6,6,5,6,6,6,4,6,5,30,2,,4,game over,1,,1,,7,6,7,3,Social Cognition,6,7,1," In this survey, you will answer demographic questions, read about two individuals, and provide your first impressions of these individuals.",extreme
5414,100,426,9/23/19 8:06,1,2,2,2,2,2,gun regulation,91,44,1,1,1,1,6,6,4,4,4,4,6,4,6,6,6,6,3,4,2,3,31,1,,6,Nate,1,,8,,1,1,4,3,Social Cognition,4,4,1,,extreme
5415,100,396,9/23/19 8:06,1,1,2,1,2,2,healthcare,73,73,2,2,2,1,2,2,2,2,2,2,2,2,4,4,5,5,5,4,4,4,29,1,,3,nate,3,,1,,7,7,2,3,social cognition,7,7,1,,standard
5416,100,153,9/23/19 8:06,1,2,2,1,2,1,gun regulation,100,50,1,1,1,1,7,7,1,1,1,1,1,1,7,4,4,7,1,1,1,1,23,2,,2,Nate,4,,8,,1,1,4,3,Social Cognition,4,4,1,,extreme
5417,100,500,9/23/19 8:06,1,2,2,2,2,2,gun regulation,89,71,1,1,1,1,6,6,1,1,1,1,5,5,5,7,7,5,2,6,1,2,22,2,,3,Nate,1,,1,,5,3,4,3,Social Cognition ,7,6,1,,extreme
5418,100,154,9/23/19 8:06,1,1,1,2,2,2,healthcare,69,68,6,6,7,6,7,6,6,7,6,5,6,7,6,7,7,7,6,7,6,7,28,2,,6,nate,1,,1,,6,7,5,3,Social Cognition,5,6,1,,standard
5419,100,384,9/23/19 8:06,1,2,1,1,1,2,immigration,80,30,2,1,1,1,6,6,5,4,5,4,3,1,6,6,6,6,2,4,3,2,53,2,,4,Nate,4,,2,,5,2,5,3,Social Cognition,3,3,1,,standard
5420,100,136,9/23/19 8:07,1,1,1,1,1,1,gun regulation,88,93,6,7,6,7,6,7,6,7,7,6,7,7,5,7,6,7,6,7,6,7,30,2,,3,game over,4,,1,,6,7,6,3,Social Cognition,6,7,1,good,standard
5421,100,355,9/23/19 8:07,1,2,2,1,2,2,healthcare,80,50,1,1,1,1,7,7,2,2,5,1,1,1,4,4,4,4,1,1,1,1,29,2,,3,Nate,3,,8,,1,1,3,3,Social Cognition,6,3,1,None,standard
5422,100,459,9/23/19 8:07,1,2,2,2,2,2,gun regulation,9,62,3,3,5,4,2,2,1,1,1,1,7,5,2,2,2,2,7,6,7,7,29,1,,4,Nate,1,,9,,5,5,3,3,Social Cognition,7,7,1,,extreme
5423,100,527,9/23/19 8:07,1,1,1,1,2,2,healthcare,81,71,2,1,1,2,6,5,3,2,1,2,5,4,6,6,4,6,2,5,4,2,57,1,,3,Nate,4,,1,,6,5,4,3,Social Cognition,3,4,1,,standard
5424,100,288,9/23/19 8:07,1,1,1,1,1,1,healthcare,80,70,2,1,2,2,6,6,2,2,2,2,6,6,5,6,6,5,5,6,6,5,23,1,,4,Nate,4,,10,Mormon,6,6,7,3,Social Cognition,6,5,1,,standard
5425,100,428,9/23/19 8:07,1,2,2,2,2,2,healthcare,90,10,1,1,1,1,6,6,2,2,2,2,3,3,6,6,6,6,1,3,1,1,26,2,,3,Nate,2,,2,,5,3,4,3,Social Cognition,5,3,1,Very helpful study for the society,standard
5426,100,455,9/23/19 8:07,1,2,2,1,2,2,abortion,97,20,1,1,1,1,6,4,6,2,5,2,3,4,6,6,7,6,3,5,5,3,47,1,,4,Nate,4,,10,Spiritual,2,1,3,3,Social Cognition,7,6,1,Thank you.,extreme
5427,100,380,9/23/19 8:07,1,2,2,2,2,2,immigration,65,50,2,2,2,2,5,4,2,2,2,2,2,4,4,4,5,4,4,5,5,4,32,1,,6,Nate,4,,2,,5,5,4,3,social cognition,5,3,1,,extreme
5428,100,416,9/23/19 8:07,1,2,2,1,1,1,healthcare,91,21,1,1,1,1,7,7,2,1,1,1,3,2,4,6,5,4,1,2,2,1,44,1,,5,Nate,4,,9,,5,2,4,3,Social Cognition,3,3,1,Some of the issues you presented are much more grey than the options allow. ,extreme
5429,100,420,9/23/19 8:07,1,1,1,2,2,1,abortion,80,75,1,1,1,1,6,5,1,1,1,1,6,5,5,5,5,5,5,6,5,5,39,2,,3,Nate,3,,1,,5,5,5,3,Social Cognition ,5,6,1,,extreme
5430,100,458,9/23/19 8:07,1,1,1,1,1,1,gun regulation,70,70,1,1,1,1,6,6,1,1,1,1,6,6,4,6,6,4,4,6,6,4,29,2,,6,Nate,4,,1,,5,4,5,3,Social Cognition,3,2,1,,standard
5431,100,195,9/23/19 8:07,1,1,1,1,1,1,immigration,74,86,6,5,5,6,5,4,3,4,5,4,5,5,6,5,5,4,5,6,7,4,39,2,,5,Nate,3,,1,,5,4,6,3,social cognition,6,5,1,very useful,extreme
5432,100,291,9/23/19 8:07,1,2,2,2,2,2,abortion,60,60,2,2,2,2,4,4,2,2,2,2,4,4,5,5,5,5,3,3,3,3,60,1,,3,Nick,46,First Nations,10,None,1,1,2,3,Social Cognition,5,6,1,,extreme
5433,100,328,9/23/19 8:08,1,1,2,2,2,2,gun regulation,59,37,2,2,3,3,5,5,4,4,4,3,5,5,4,4,4,4,3,3,3,3,48,2,,6,Nate,4,,1,,3,4,3,2,,5,5,1,it's helpful,standard
5434,100,303,9/23/19 8:08,1,2,2,2,2,2,immigration,80,70,2,1,2,1,6,5,2,1,1,3,2,2,6,7,7,6,4,4,3,3,27,2,,3,Nate,3,,2,,3,1,2,3,Social Cognition,6,5,1,,standard
5435,100,502,9/23/19 8:08,1,1,1,1,1,1,abortion,91,90,2,2,2,2,5,5,2,2,2,2,6,6,5,5,5,5,6,6,6,6,42,1,,4,Nate,4,,1,,7,7,6,3,social cognition,6,6,1,none - thanks,extreme
5436,100,528,9/23/19 8:08,1,2,1,2,2,2,immigration,99,45,1,1,1,1,6,6,2,2,2,2,4,4,6,6,7,6,1,4,1,1,27,2,,3,Nate,4,,8,,2,2,4,3,Social Cognition,3,3,1,,extreme
5437,100,176,9/23/19 8:08,1,1,2,1,1,2,abortion,50,41,2,2,2,2,5,4,4,4,3,3,3,3,5,5,6,5,3,3,3,3,20,1,,5,Nate,4,,1,,3,1,7,3,Social Cognition,6,3,1,,extreme
5438,100,382,9/23/19 8:08,1,1,1,2,2,1,abortion,60,72,5,6,6,7,6,5,5,6,6,7,6,5,5,5,6,5,5,5,6,6,25,2,,4, hockey,4,,1,,6,6,6,3,Social Cognition,6,5,1,nothig,extreme
5439,100,398,9/23/19 8:08,1,1,2,1,2,2,healthcare,89,22,2,2,2,2,6,6,6,6,6,6,2,2,6,6,6,6,2,2,2,2,36,2,,3,Nate,4,,8,,1,1,3,3,Social Cognition,4,4,1,,extreme
5440,100,501,9/23/19 8:08,1,2,2,1,2,2,healthcare,80,80,1,1,3,2,5,4,2,2,3,2,6,4,6,5,6,6,6,5,6,6,41,2,,4,Nate,4,,10,Subgenius,6,5,1,3,Social Cognition,6,6,1,Relying on a straight liberal-conservative axis for demographic info may be poisoning your demographic results. Neo-Liberalism (moderate conservatism by another name) has shifted the scale such that extreme far left individuals such as myself (politically I identify as anarcho-socialist) get lumped in with neo-liberals.,standard
5441,100,234,9/23/19 8:08,1,1,1,2,1,1,immigration,90,65,1,1,1,1,6,6,1,1,1,1,5,5,6,6,6,6,3,6,5,3,25,2,,5,Nate,4,,2,,6,6,4,3,Social Cognition,5,3,1,,standard
5442,100,396,9/23/19 8:08,1,2,2,2,2,2,immigration,38,70,6,5,5,5,4,2,5,2,2,3,4,4,2,2,2,2,3,4,4,4,26,1,,3,Nate,4,,8,,1,1,1,3,Social Cognition,6,6,1,,extreme
5443,100,203,9/23/19 8:08,1,1,1,2,2,1,immigration,99,34,1,1,1,1,7,7,5,6,5,4,1,1,7,7,7,7,1,1,1,1,24,1,,3,Nate,4,,8,,1,1,6,3,Social Cognition,3,5,1,None,standard
5444,100,425,9/23/19 8:08,1,1,1,1,2,2,healthcare,95,80,1,1,1,1,7,7,3,2,1,1,6,6,4,6,6,4,3,5,4,3,37,2,,4,Nate,4,,2,,5,3,4,3,Social Cognition,2,3,1,,standard
5445,100,404,9/23/19 8:08,1,1,2,1,2,1,immigration,80,70,2,2,2,2,6,4,3,3,3,3,4,4,5,5,5,5,4,4,4,4,37,2,,4,Nate,4,,8,,2,2,5,3,Social Cognition ,4,4,1,,standard
5446,100,614,9/23/19 8:08,1,1,1,2,2,2,healthcare,80,60,2,2,2,2,2,2,3,3,3,3,3,3,5,5,5,5,3,3,3,3,30,1,,4,Nate,4,,1,,6,6,6,3,Social Cognition,6,6,1,Good Study.. Thanks,standard
5447,100,539,9/23/19 8:09,1,2,1,2,2,2,gun regulation,60,90,5,5,5,4,5,3,2,3,3,2,6,6,4,5,3,3,4,5,4,4,30,2,,4,Nate,3,,3,Mormon,6,6,6,3,Social Cognition ,3,4,1,,standard
5448,100,289,9/23/19 8:09,1,1,2,2,2,2,gun regulation,93,82,5,4,4,4,7,6,6,5,4,4,6,5,5,6,4,4,5,4,4,6,23,2,,4,nate,4,,1,,5,6,4,3,Social Cognition,4,7,1,,standard
5449,100,600,9/23/19 8:09,1,1,1,2,2,1,abortion,100,22,1,1,1,1,7,7,4,4,4,4,7,4,7,7,7,7,1,4,1,1,39,1,,1,rick,6,bi racial,10,spiritual,4,1,4,3,social cognition,4,4,1,,standard
5450,100,477,9/23/19 8:09,1,2,2,2,2,2,abortion,65,63,2,2,2,2,6,4,2,2,2,2,4,4,6,4,6,6,5,4,5,5,32,2,,3,nate,4,,8,,2,1,2,3,Social Cognition,5,2,1,You forgot to update the wording in your attention check when you changed the responses. Kind of ironic,extreme
5451,100,167,9/23/19 8:09,1,1,1,1,1,1,immigration,43,50,5,5,7,7,6,5,4,5,5,6,6,7,7,5,6,6,5,6,7,7,33,2,,6,nate,4,,1,,7,5,7,3,"""Social Cognition""",7,5,1,,standard
5452,100,290,9/23/19 8:09,1,1,1,2,2,2,healthcare,53,66,5,6,5,4,5,6,5,6,5,4,5,6,6,5,6,5,5,6,6,5,29,2,,5,nate,4,,1,,6,6,4,3,Social Cognition,4,5,1,,extreme
5453,100,520,9/23/19 8:09,1,2,2,2,1,2,immigration,62,87,1,1,1,1,6,6,2,2,1,2,5,6,2,5,6,5,2,6,7,7,24,2,,4,Rick,4,,1,,5,6,6,3,Social Cognition,6,6,1,,extreme
5454,100,162,9/23/19 8:09,1,1,1,1,1,1,abortion,89,92,6,6,7,6,7,6,6,7,7,6,7,7,6,6,7,6,6,6,7,6,30,2,,4,good,1,,1,,6,7,7,3,social cognition,6,7,1,good,standard
5455,100,393,9/23/19 8:09,1,1,2,1,1,1,healthcare,100,30,1,1,1,1,7,7,1,1,5,1,2,2,6,7,7,6,1,1,1,1,36,1,,3,Nate,34,,1,,5,5,5,3,Social Cognition,1,2,1,Thank you,extreme
5456,100,634,9/23/19 8:10,1,1,2,2,2,2,abortion,40,61,5,5,6,6,3,3,3,4,4,4,3,4,2,2,4,2,2,3,4,2,40,1,,4,Nate,4,,2,,6,5,4,3,Social Cognition,6,6,1,"Personally, I am pro-life, but I do not believe in the extreme gov't control of abortion.  People have to answer for their own choices to God.  I don't believe in forcing my beliefs by law on people.",extreme
5457,100,599,9/23/19 8:10,1,2,2,2,2,2,immigration,85,80,1,1,1,1,6,5,1,1,1,1,6,5,4,5,5,4,4,5,5,4,36,1,,3,Nate,1,,1,,6,5,6,3,Social Cognition,3,5,1,,extreme
5458,100,568,9/23/19 8:10,1,1,2,2,2,2,gun regulation,91,74,1,1,1,1,6,6,1,1,1,1,5,4,6,6,7,6,1,7,2,1,24,2,,3,Nate,1,,8,,1,1,4,3,Social Cognition,5,2,1,,standard
5459,100,646,9/23/19 8:10,1,2,1,2,2,1,abortion,100,60,1,1,1,1,7,1,2,2,4,3,4,1,5,7,7,5,3,4,1,3,29,2,,4,Nate,2,,2,,3,5,4,3,Social Cognition,2,2,1,,standard
5460,100,290,9/23/19 8:10,1,1,2,2,2,2,gun regulation,50,100,3,5,4,3,2,2,1,1,1,1,6,7,1,3,1,1,5,6,7,5,37,2,,4,Nate,2,,1,,5,2,3,3,Social Cognition,3,5,1,,standard
5461,100,583,9/23/19 8:11,1,1,1,1,1,1,abortion,82,100,3,3,3,3,6,5,5,4,4,5,4,4,5,5,5,5,3,3,3,3,45,2,,3,Nate,4,,2,,5,4,4,3,Social Cognition,5,5,1,,extreme
5462,100,713,9/23/19 8:11,1,2,2,2,2,2,abortion,81,81,2,2,2,2,6,6,2,2,2,2,6,6,6,6,6,6,6,6,6,6,66,2,,6,Nate,4,,2,,6,5,3,3,Social Cognition,6,6,1,,extreme
5463,100,257,9/23/19 8:11,1,2,2,1,2,2,healthcare,85,45,1,1,1,1,7,7,4,4,5,6,3,3,7,7,7,7,1,1,1,1,25,1,,2,Nate,4,,8,,1,1,3,3,Social Cognition,3,3,1,,extreme
5464,100,578,9/23/19 8:11,1,2,2,1,2,2,abortion,80,70,2,2,2,2,6,6,2,2,2,2,5,5,6,6,6,6,2,4,2,2,57,1,,3,Nate,4,,10,spiritual,6,5,1,3,Social Cognition,1,1,1,,standard
5465,100,676,9/23/19 8:11,1,2,2,2,2,2,immigration,75,89,2,2,2,2,5,3,1,1,1,1,6,6,3,2,3,3,7,7,7,7,47,2,,4,he is sick,4,,2,,4,4,4,3,Social Cognition,6,6,1,,standard
5466,100,284,9/23/19 8:11,1,1,2,1,1,1,gun regulation,50,63,4,4,5,6,4,7,3,7,3,5,6,5,4,5,6,7,7,6,7,5,30,1,,6,nate,4,,1,,6,5,4,3,Social Cognition,4,6,1,good,standard
5467,100,307,9/23/19 8:12,1,2,2,2,2,2,immigration,63,68,2,1,1,1,6,3,2,1,1,1,5,3,4,5,5,5,3,5,3,4,24,2,,4,Nate,4,,8,,1,1,1,3,Social Cognition,6,3,1,,standard
5468,100,571,9/23/19 8:12,1,2,2,2,1,2,immigration,88,61,2,2,2,2,6,6,3,3,3,3,4,4,6,6,6,6,4,5,4,4,37,2,,3,He faked being sick,4,,3,LDS,6,6,3,3,Social Cognition,5,5,1,,extreme
5469,100,851,9/23/19 8:12,1,2,1,1,1,1,abortion,53,56,6,6,6,5,6,6,4,3,4,3,5,5,6,6,6,6,5,4,3,4,29,1,,3,Nate,3,,1,,6,6,4,3,Social Cognition,5,5,1,,extreme
5470,100,240,9/23/19 8:13,1,2,2,2,2,2,healthcare,90,92,1,1,1,2,7,6,1,1,1,1,6,7,5,5,6,6,5,5,6,6,33,1,,4,Nate,4,,8,,1,1,1,3,Social Cognition,7,7,1,,extreme
5471,100,137,9/23/19 8:13,1,1,1,2,1,1,abortion,47,74,3,3,5,4,4,5,5,3,4,3,3,4,4,6,4,5,4,4,6,5,27,1,,4,Nate,4,,1,,4,3,5,3,Social Cognition,5,7,2,,extreme
5472,100,203,9/23/19 8:14,1,1,2,1,2,1,gun regulation,80,36,1,1,1,1,6,6,5,5,5,5,1,1,5,5,4,5,2,2,2,2,20,1,,3,Nate,4,,9,,4,4,4,3,Social Cognition,2,1,1,,standard
5473,100,304,9/23/19 8:15,1,2,1,1,1,2,immigration,82,61,2,2,2,2,6,6,2,2,2,2,6,6,6,6,6,6,2,5,3,3,37,1,,3,Nate,2,,3,Non denomination,6,5,3,3,Social Cognition,4,4,1,,extreme
5474,100,224,9/23/19 8:15,1,2,2,2,2,2,abortion,53,50,2,2,2,2,6,6,2,2,2,2,6,5,4,5,5,4,3,5,3,3,24,2,,6,Nate,2,,8,,2,2,2,3,Social Cognition,5,5,1,,standard
5475,100,197,9/23/19 8:15,1,2,1,2,2,2,healthcare,57,71,3,3,3,3,5,5,3,3,3,3,5,5,1,4,4,4,1,4,4,4,28,2,,2,Nate,3,,1,,5,5,4,3,Social Cognition,4,4,1,,standard
5476,100,330,9/23/19 8:16,1,2,2,2,2,2,healthcare,70,60,5,4,3,4,5,3,4,4,4,4,5,5,3,4,3,3,3,4,3,3,35,2,,6,Nate,2,,8,,1,1,2,3,Social Cognition,7,7,1,"I agree with individual B on choosing not to view  the opposite and extreme view of not supporting universal healthcare because it's no longer a matter of listening to the opposing argument to understand their logic. At this point in society, there is no logic to that argument because their reason of justification is based solely on being in control and in power. It's not about empathy or caring, it's about keeping others from getting something so basic and essential.",extreme
5477,100,434,9/23/19 8:16,1,2,2,2,2,2,gun regulation,100,63,2,2,2,4,6,6,2,2,2,2,5,5,5,5,5,5,4,4,4,4,34,1,,4,nate,4,,5,,4,4,1,3,Social Cognition,2,3,1,,standard
5478,100,141,9/23/19 8:16,1,1,1,1,2,1,abortion,28,41,3,2,5,5,3,2,2,2,5,5,4,3,3,3,2,2,2,4,5,6,23,2,,2,rick,4,,8,,3,2,4,3,Social Cognition,4,3,1,,standard
5479,100,390,9/23/19 8:17,1,1,1,2,2,1,abortion,90,40,2,3,3,3,5,6,5,5,6,6,4,2,6,6,6,6,1,4,3,2,37,2,,4,Nate,4,,8,,4,4,4,3,Social Cognition,3,4,1,,standard
5480,100,479,9/23/19 8:17,1,1,1,1,1,1,healthcare,80,70,1,1,1,1,6,4,1,1,1,1,5,4,3,4,4,3,3,4,4,3,47,1,,4,Nate,4,,1,,4,4,6,3,Social Cognition,3,5,1,,extreme
5481,100,295,9/23/19 8:18,1,2,2,1,2,1,gun regulation,40,79,5,2,5,5,4,4,1,1,1,1,6,6,1,2,2,2,6,6,6,6,56,1,,4,Nate,34,,8,,1,1,2,3,Social Cognition,6,6,1,,extreme
5482,100,263,9/23/19 8:19,1,2,2,2,2,2,abortion,100,100,1,1,1,1,7,7,1,1,1,1,7,7,7,7,7,7,7,7,7,7,29,2,,3,Nate,4,,8,,1,1,1,3,Social Cognition,5,7,1,,standard
5483,100,377,9/23/19 8:19,1,1,2,2,2,2,gun regulation,90,30,1,1,1,1,6,6,3,2,2,4,3,2,5,6,5,5,2,3,3,3,33,1,,4,Nate,6,native american,8,,4,4,4,3,Social Cognition,6,5,1,,extreme
5484,100,505,9/23/19 8:19,1,1,2,1,2,1,immigration,55,53,1,1,1,1,6,4,1,1,1,1,6,4,5,4,6,6,4,4,6,6,32,1,,3,Nate,1,,10,Spiritual,1,2,4,3,Social Cognition,1,1,1,,standard
5485,100,830,9/23/19 8:20,1,1,2,2,2,1,immigration,71,24,2,2,2,2,6,5,5,5,5,4,3,2,4,5,4,4,2,2,2,2,27,2,,4,Nate,4,,8,,2,2,4,3,Social Cognition,5,6,1,,extreme
5486,100,1212,9/23/19 8:20,1,2,2,1,1,2,abortion,50,50,1,1,1,1,5,5,1,1,1,1,4,4,5,5,5,5,4,5,5,4,27,2,,4,Nate,4,,8,,1,1,4,3,Social Cognition,5,4,1,,extreme
5487,100,162,9/23/19 8:20,1,2,1,1,2,2,immigration,50,57,3,2,2,2,2,2,4,4,4,4,4,4,5,5,5,5,5,5,5,5,36,2,,5,nate,4,,8,,1,1,2,3,Social Cognition,3,3,1,,standard
5488,100,341,9/23/19 8:21,1,1,1,1,1,1,healthcare,88,73,1,1,1,1,1,5,1,1,2,2,4,4,4,4,4,4,1,4,1,1,32,1,,4,Nate,4,,10,None,4,4,6,3,Social Cognition,4,4,1,,extreme
5489,100,221,9/23/19 8:22,1,1,2,2,2,2,healthcare,21,75,3,4,3,4,3,3,2,2,2,2,6,6,2,2,2,2,5,5,5,5,31,2,,4,Nate,4,,1,,4,3,3,3,Social Cognition,6,6,1,,extreme
5490,100,1297,9/23/19 8:22,1,1,1,1,1,1,gun regulation,50,63,3,3,3,2,4,3,3,3,3,3,2,4,4,5,4,4,3,4,4,3,35,1,,3,Nate,4,,2,,5,5,6,3,Social Cognition,7,7,1,,extreme
5491,100,294,9/23/19 8:23,1,1,1,1,1,1,gun regulation,50,64,3,3,3,3,5,4,3,3,3,3,5,4,4,4,4,4,4,4,4,4,47,1,,4,Nate,4,,3,Baptist,6,6,6,3,Social Cognition,4,4,1,,standard
5492,100,247,9/23/19 8:24,1,2,2,2,2,2,immigration,50,89,2,2,2,2,4,2,1,1,1,1,6,6,2,6,6,2,7,7,7,7,36,1,,4,nate,4,,8,,1,1,1,3,Social Cognition,7,6,1,,extreme
5493,100,1554,9/23/19 8:25,1,1,1,2,2,2,healthcare,49,98,4,5,3,5,4,3,5,2,5,2,7,6,1,2,3,2,6,5,7,6,25,2,,4,Nate,1,,2,,5,6,1,3,Social Cognition,7,4,1,,standard
5494,100,114,9/23/19 8:25,1,1,1,1,1,1,immigration,50,65,6,5,5,5,5,6,4,4,5,5,4,4,6,6,6,6,5,4,4,4,29,1,,3,nate,3,,1,,6,6,4,3,Social Cognition,4,4,1,,standard
5495,100,255,9/23/19 8:26,1,1,1,1,2,2,healthcare,100,75,1,1,1,1,6,6,2,2,2,2,4,4,6,6,6,6,2,2,2,2,33,2,,3,Nate,4,,2,,6,6,4,3,Social Cognition,7,7,1,,extreme
5496,100,316,9/23/19 8:26,1,2,2,1,2,1,gun regulation,60,90,2,2,2,2,5,4,1,1,1,1,7,6,5,5,5,5,6,6,6,6,36,1,,3,Nate,4,,8,,4,1,3,3,Social cognition,1,1,1,,standard
5497,100,433,9/23/19 8:28,1,2,1,1,1,1,abortion,47,44,2,2,6,7,6,7,7,5,4,7,4,1,6,5,6,4,5,6,5,4,25,2,,5,Nate,4,,1,,5,5,6,3,Social Cognition,7,6,1,,extreme
5498,100,120,9/23/19 8:28,1,2,2,1,1,1,healthcare,43,50,6,5,5,5,4,4,5,4,5,4,4,5,4,4,4,4,4,4,4,4,25,2,,4,Nate ,1,,1,,4,4,4,3,Social Cognition,5,5,1,,extreme
5499,100,360,9/23/19 8:29,1,2,2,2,2,2,abortion,90,100,1,1,1,1,6,6,1,1,1,1,6,7,3,5,6,5,2,6,5,3,28,2,,3,Nate,14,,8,,1,1,1,3,Social Cognition,5,3,1,,standard
5500,100,266,9/23/19 8:35,1,2,2,2,2,2,gun regulation,64,42,2,1,2,3,5,5,3,4,5,5,3,3,2,5,3,3,2,1,1,2,31,2,,2,Nate,4,,1,,5,2,4,3,Social Cognition,5,4,1,,standard
5501,100,173,9/23/19 8:37,1,2,2,2,2,2,immigration,80,40,2,2,2,2,3,3,2,2,2,2,6,6,2,4,2,2,5,7,7,6,27,2,,4,Nate,4,,8,,1,1,2,3,Social Cognition,3,3,1,,standard
5502,100,334,9/23/19 8:38,1,2,1,2,1,2,gun regulation,31,48,2,1,4,4,7,6,7,4,4,4,5,5,7,3,1,1,4,5,1,3,27,1,,5,nate,4,,11,,6,4,7,3,social cognition ,6,7,1,nice work,extreme
5503,100,438,9/23/19 8:39,1,1,2,1,1,1,healthcare,71,58,6,2,2,2,7,6,4,4,3,3,5,5,2,4,5,3,6,6,4,5,21,1,,3,Nate,1,,2,,3,3,6,3,Social Cognition,6,6,1,,extreme
5504,100,452,9/23/19 8:41,1,2,2,2,2,2,immigration,43,81,5,4,4,5,2,2,2,3,2,2,6,6,2,1,2,2,5,6,5,6,26,2,,4,Nate,3,,8,,3,1,4,3,Social Cognition,6,3,1,,standard
5505,100,498,9/23/19 8:41,1,1,2,2,2,2,healthcare,100,82,1,1,1,1,7,7,1,1,1,1,5,5,5,5,5,5,4,4,4,4,50,2,,6,nate,4,,1,,7,7,4,3,Social Cognition,4,4,1,,extreme
5506,100,373,9/23/19 8:51,1,1,2,2,2,2,gun regulation,30,51,5,5,5,5,4,2,2,2,2,2,2,2,2,4,2,2,4,4,4,4,26,1,,2,Nate,4,,8,,1,1,2,3,Social Cognition,5,6,1,,extreme
5507,100,377,9/23/19 8:52,1,2,2,2,2,2,abortion,100,85,1,1,1,1,7,7,1,1,1,1,6,5,5,5,5,5,3,5,3,3,50,1,,2,Nate,4,,8,,1,1,3,3,Social Cognition,6,6,1,Pro life people don't consider the situation that might have caused the need for abortion.,standard
5508,100,512,9/23/19 8:53,1,2,1,1,2,1,abortion,80,38,3,3,3,5,3,4,5,5,5,5,1,1,3,5,4,4,2,2,2,2,21,1,,2,nate,1,,1,,5,5,1,3,Social Cognition,1,1,1,,standard
5509,100,293,9/23/19 8:53,1,1,1,2,2,2,healthcare,83,35,1,2,1,1,2,3,4,3,3,3,2,2,5,6,6,7,3,2,2,3,51,2,,5,Nate,4,,2,,5,6,6,3,social Cognition,6,7,1,,standard
5510,100,362,9/23/19 8:53,1,2,2,2,2,2,gun regulation,19,51,2,1,1,1,4,4,2,1,1,1,4,5,4,4,4,4,5,5,4,5,30,1,,6,Nate ,1,,1,,7,6,1,3,Social Cognition,7,7,1,,extreme
5511,100,152,9/23/19 8:57,1,2,2,1,2,2,abortion,50,50,2,2,2,2,6,4,2,2,2,2,6,4,4,4,4,4,4,4,4,4,25,2,,3,Nate,4,,8,,1,1,2,3,Social Cognition,5,6,1,,standard
5512,100,287,9/23/19 8:58,1,1,2,2,2,1,immigration,75,30,2,2,2,2,6,6,4,2,2,6,2,2,4,4,3,4,1,1,1,1,37,1,,6,Nate,3,,8,,4,1,2,3,Social Cognition,3,2,1,,extreme
5513,100,167,9/23/19 9:03,1,2,2,2,2,2,gun regulation,80,70,2,2,2,2,6,4,2,2,2,2,6,4,6,6,6,6,4,6,5,5,33,3,non-binary,3,Nate,2,,8,,2,2,1,3,Social Cognition,6,6,1,,extreme
5514,100,273,9/23/19 9:04,1,2,2,2,2,2,immigration,91,91,1,1,1,1,7,7,1,1,1,1,7,7,6,6,6,6,6,6,6,6,31,1,,4,Nate,4,,2,,5,2,2,3,Social Cognition,5,6,1,,extreme
5515,100,311,9/23/19 9:05,1,1,2,2,2,2,healthcare,100,40,2,2,2,2,6,5,3,4,4,3,4,3,6,6,6,6,2,4,4,2,53,1,,5,Nate,4,,8,,4,1,1,3,Social Cognition,5,5,1,Nothing comes to mind. ,standard
5516,100,234,9/23/19 9:05,1,2,2,2,2,2,immigration,50,50,1,1,1,1,4,4,1,1,1,1,4,4,5,6,7,5,4,5,4,4,33,1,,3,Nate,3,,1,,3,2,3,3,Social Cognition,4,4,1,,standard
5517,100,262,9/23/19 9:06,1,2,2,1,2,2,immigration,100,50,1,1,1,1,7,7,2,1,1,1,3,3,5,5,6,4,2,5,5,2,23,2,,3,Nate,4,,8,,4,4,4,3,Social Cognition,4,3,1,,standard
5518,100,321,9/23/19 9:06,1,2,2,2,2,2,gun regulation,55,60,2,3,3,2,4,4,2,2,2,2,4,4,4,5,5,4,4,5,5,5,35,1,,3,Nate,4,,2,,6,6,4,3,Social Cognition,4,3,1,"Nice survey, had no issues",extreme
5519,100,305,9/23/19 9:06,1,2,2,2,2,2,healthcare,71,53,2,1,1,1,6,4,2,1,2,3,5,4,5,6,6,6,2,4,1,2,28,1,,4,Nate,4,,8,,3,1,3,3,Social Cognition ,5,6,1,,standard
5520,100,291,9/23/19 9:06,1,2,1,2,1,2,gun regulation,39,83,3,3,2,3,4,4,2,2,2,2,4,4,2,4,4,2,2,4,4,2,45,1,,5,Nate,4,,2,,6,6,4,3,Social Cognition,4,5,1,,extreme
5521,100,342,9/23/19 9:07,1,1,2,1,2,2,abortion,92,90,1,1,1,1,7,7,1,1,1,1,7,7,5,7,7,7,5,7,7,7,31,2,,2,Nate,4,,8,,1,1,4,3,Social Cognition,1,1,1,,standard
5522,100,348,9/23/19 9:07,1,1,1,1,2,1,abortion,50,50,3,3,3,3,2,1,2,2,2,2,4,2,2,4,3,3,3,4,4,4,23,2,,4,nate,4,,2,,2,1,5,3,social cognition,5,5,1,,extreme
5523,100,331,9/23/19 9:07,1,2,2,2,2,2,healthcare,85,90,1,1,1,1,6,6,1,1,1,1,6,5,4,5,4,5,3,4,3,3,35,2,,3,Nate,2,,8,,4,1,1,3,Social Cognition,7,7,1,,extreme
5524,100,264,9/23/19 9:10,1,1,2,1,2,2,abortion,71,44,1,1,1,1,6,5,1,1,1,1,3,3,5,5,5,5,4,4,4,4,26,1,,4,Nate,4,,8,,1,1,3,3,social cognition,2,2,1,,extreme
5525,100,280,9/23/19 9:12,1,2,2,2,2,2,healthcare,50,50,2,2,2,2,2,2,2,2,2,2,2,2,4,4,4,4,4,4,4,4,28,2,,4,Nate,3,,8,,2,2,1,3,Social Cognition,5,3,1,,standard
5526,100,458,9/23/19 9:13,1,1,1,1,2,1,gun regulation,56,44,2,2,2,2,5,4,2,2,3,2,4,3,2,4,2,2,2,2,2,2,37,1,,2,Nate,4,,2,,3,3,4,3,Social Cognition,4,4,1,,standard
5527,100,340,9/23/19 9:14,1,1,2,2,2,1,immigration,100,1,1,1,1,1,6,6,1,1,1,1,1,1,1,1,1,1,6,5,5,6,33,1,,4,Nate,4,,8,,1,1,4,3,Social Cognition,5,6,1,,extreme
5528,100,199,9/23/19 9:16,1,2,2,2,2,2,gun regulation,60,50,2,1,2,1,5,4,2,1,1,1,3,3,6,6,6,6,3,4,5,4,38,1,,4,Nate,4,,8,,1,1,2,3,Social Cognition,5,6,1,,standard
5529,100,228,9/23/19 9:16,1,2,2,2,2,2,abortion,0,20,6,7,7,4,1,1,5,5,6,4,3,2,1,1,1,1,1,2,2,2,24,2,,4,Nate,4,,8,,4,4,3,3,Social Cognition,7,7,1,,extreme
5530,100,340,9/23/19 9:20,1,1,2,1,2,2,healthcare,91,18,1,1,1,1,7,7,1,1,5,2,2,1,6,6,6,6,1,1,1,1,41,1,,4,Nate,4,,8,,4,4,4,3,Social Cognition,5,3,1,,extreme
5531,100,477,9/23/19 9:20,1,1,2,1,1,1,immigration,51,50,4,4,4,4,4,4,4,4,4,4,4,4,1,4,4,1,1,4,4,1,30,2,,5,Nate,4,,8,,1,1,5,3,Social Cognition,1,1,1,,standard
5532,100,211,9/23/19 9:36,1,2,2,2,2,2,healthcare,68,82,2,2,2,2,5,4,2,2,2,2,6,5,3,4,4,3,4,4,4,4,22,2,,4,Nate,4,,8,,1,1,1,3,Social Cognition,6,5,1,,extreme
5533,100,319,9/23/19 9:38,1,2,2,2,2,2,immigration,100,100,1,1,1,1,7,7,1,1,1,1,7,7,5,6,5,6,6,6,6,6,24,1,,2,Nate,34,,8,,1,1,2,3,Social Cognition,7,7,1,Thank you :),standard
5534,100,248,9/23/19 9:51,1,1,1,2,2,2,gun regulation,71,88,5,5,7,6,5,5,5,6,7,5,6,7,4,5,6,7,5,6,7,6,27,1,,4,Nate,4,,2,,5,6,1,3,Social Cognition,5,6,1,really nice,extreme
5535,75,5466,9/23/19 9:53,1,1,1,2,2,1,abortion,84,79,5,6,5,5,6,5,6,5,6,5,7,7,7,6,7,5,6,5,6,7,39,2,,3,Nate,1,,1,,5,6,6,3,Social cognition,,,,,standard
5536,59,509,9/23/19 9:53,1,2,1,1,1,1,gun regulation,60,87,5,6,7,5,6,7,6,5,6,6,5,7,6,7,6,6,6,6,7,6,30,2,,4,TRUACK,,,,,,,,,,,,,,extreme
5537,59,274,9/23/19 9:53,1,2,2,2,2,2,gun regulation,50,83,2,2,2,2,5,5,2,2,2,2,5,5,5,5,5,5,3,5,3,3,31,1,,3,Nate,,,,,,,,,,,,,,standard
5538,100,425,9/23/19 10:10,1,1,2,2,2,1,immigration,82,76,7,6,5,6,7,6,6,5,7,6,5,6,6,7,5,6,6,5,7,6,39,1,,6,Nate,1,,1,,7,6,7,3,Social Cognition,7,7,1,This survey is very good,standard
5539,100,208,9/23/19 10:12,1,1,2,2,2,2,healthcare,20,80,2,5,5,1,2,2,1,1,1,1,5,6,1,4,1,1,4,6,6,6,27,1,,4,Because Rick will tell on him for faking sick,14,,5,,6,2,3,3,Social Cognition,7,7,1,,extreme
5540,100,358,9/23/19 10:31,1,2,2,2,2,2,abortion,80,50,1,1,1,1,7,7,3,3,3,3,2,2,6,6,6,6,4,3,2,4,33,2,,3,Nate,4,,8,,1,1,3,3,Social Cognition,5,5,1,,standard
5541,100,138,9/23/19 10:32,1,1,2,1,2,1,gun regulation,73,92,3,2,2,1,6,4,1,1,1,1,7,6,6,4,5,5,7,7,7,7,26,1,,4,nate,4,,2,,7,7,5,3,social cognition,7,7,1,,extreme
5542,100,463,9/23/19 10:52,1,1,1,2,2,2,healthcare,83,93,7,6,6,4,5,6,6,7,7,6,6,7,7,7,6,7,7,6,6,7,39,2,,5,Nate,1,,1,,7,6,7,3,Social Cognition,7,6,1,survey was good,extreme
5543,59,2388,9/24/19 8:34,1,2,1,2,2,1,abortion,74,0,2,2,2,2,7,6,2,3,7,6,7,7,4,5,5,5,3,3,3,3,41,2,,3,Rick,,,,,,,,,,,,,,standard